Time,Biomass Total, Bio Plants, Bio Herb, Bio Pred1, Bio Pred2, Pop Plants, Pop Herb, Pop Pred1, Pop Pred2,Alien Plant, Alien Herb, Alien Pred, Alien Apex, Sheep, Cow, 
83.0, 9595, 0, 9595, 0, 0, 0, 43, 0, 0, 0, 0, 0, 0, 28, 15
84.0, 9595, 0, 9595, 0, 0, 0, 43, 0, 0, 0, 0, 0, 0, 28, 15
85.1, 9595, 0, 9595, 0, 0, 0, 43, 0, 0, 0, 0, 0, 0, 28, 15
86.1, 9595, 0, 9595, 0, 0, 0, 43, 0, 0, 0, 0, 0, 0, 28, 15
87.0, 9595, 0, 9595, 0, 0, 0, 43, 0, 0, 0, 0, 0, 0, 28, 15
88.0, 9595, 0, 9595, 0, 0, 0, 43, 0, 0, 0, 0, 0, 0, 28, 15
89.0, 9595, 0, 9595, 0, 0, 0, 43, 0, 0, 0, 0, 0, 0, 28, 15
90.0, 9595, 0, 9595, 0, 0, 0, 43, 0, 0, 0, 0, 0, 0, 28, 15
91.0, 9595, 0, 9595, 0, 0, 0, 43, 0, 0, 0, 0, 0, 0, 28, 15
92.0, 9595, 0, 9595, 0, 0, 0, 43, 0, 0, 0, 0, 0, 0, 28, 15
93.0, 9595, 0, 9595, 0, 0, 0, 43, 0, 0, 0, 0, 0, 0, 28, 15
94.0, 9595, 0, 9595, 0, 0, 0, 43, 0, 0, 0, 0, 0, 0, 28, 15
95.0, 9595, 0, 9595, 0, 0, 0, 43, 0, 0, 0, 0, 0, 0, 28, 15
96.0, 9595, 0, 9595, 0, 0, 0, 43, 0, 0, 0, 0, 0, 0, 28, 15
97.0, 9595, 0, 9595, 0, 0, 0, 43, 0, 0, 0, 0, 0, 0, 28, 15
98.0, 9595, 0, 9595, 0, 0, 0, 43, 0, 0, 0, 0, 0, 0, 28, 15
99.0, 9595, 0, 9595, 0, 0, 0, 43, 0, 0, 0, 0, 0, 0, 28, 15
100.0, 9595, 0, 9595, 0, 0, 0, 43, 0, 0, 0, 0, 0, 0, 28, 15
101.0, 9595, 0, 9595, 0, 0, 0, 43, 0, 0, 0, 0, 0, 0, 28, 15
102.0, 9595, 0, 9595, 0, 0, 0, 43, 0, 0, 0, 0, 0, 0, 28, 15
103.0, 9595, 0, 9595, 0, 0, 0, 43, 0, 0, 0, 0, 0, 0, 28, 15
104.0, 9595, 0, 9595, 0, 0, 0, 43, 0, 0, 0, 0, 0, 0, 28, 15
105.0, 9595, 0, 9595, 0, 0, 0, 43, 0, 0, 0, 0, 0, 0, 28, 15
106.0, 9595, 0, 9595, 0, 0, 0, 43, 0, 0, 0, 0, 0, 0, 28, 15
107.0, 9595, 0, 9595, 0, 0, 0, 43, 0, 0, 0, 0, 0, 0, 28, 15
108.0, 9595, 0, 9595, 0, 0, 0, 43, 0, 0, 0, 0, 0, 0, 28, 15
109.0, 9595, 0, 9595, 0, 0, 0, 43, 0, 0, 0, 0, 0, 0, 28, 15
110.0, 9595, 0, 9595, 0, 0, 0, 43, 0, 0, 0, 0, 0, 0, 28, 15
111.0, 9595, 0, 9595, 0, 0, 0, 43, 0, 0, 0, 0, 0, 0, 28, 15
112.0, 9595, 0, 9595, 0, 0, 0, 43, 0, 0, 0, 0, 0, 0, 28, 15
113.0, 9595, 0, 9595, 0, 0, 0, 43, 0, 0, 0, 0, 0, 0, 28, 15
114.0, 9595, 0, 9595, 0, 0, 0, 43, 0, 0, 0, 0, 0, 0, 28, 15
115.0, 9595, 0, 9595, 0, 0, 0, 43, 0, 0, 0, 0, 0, 0, 28, 15
116.0, 9595, 0, 9595, 0, 0, 0, 43, 0, 0, 0, 0, 0, 0, 28, 15
117.0, 9595, 0, 9595, 0, 0, 0, 43, 0, 0, 0, 0, 0, 0, 28, 15
118.0, 9595, 0, 9595, 0, 0, 0, 43, 0, 0, 0, 0, 0, 0, 28, 15
119.0, 9595, 0, 9595, 0, 0, 0, 43, 0, 0, 0, 0, 0, 0, 28, 15
120.0, 9595, 0, 9595, 0, 0, 0, 43, 0, 0, 0, 0, 0, 0, 28, 15
121.0, 9595, 0, 9595, 0, 0, 0, 43, 0, 0, 0, 0, 0, 0, 28, 15
122.0, 9595, 0, 9595, 0, 0, 0, 43, 0, 0, 0, 0, 0, 0, 28, 15
123.0, 9595, 0, 9595, 0, 0, 0, 43, 0, 0, 0, 0, 0, 0, 28, 15
124.0, 9595, 0, 9595, 0, 0, 0, 43, 0, 0, 0, 0, 0, 0, 28, 15
125.0, 9595, 0, 9595, 0, 0, 0, 43, 0, 0, 0, 0, 0, 0, 28, 15
126.0, 9595, 0, 9595, 0, 0, 0, 43, 0, 0, 0, 0, 0, 0, 28, 15
127.0, 9595, 0, 9595, 0, 0, 0, 43, 0, 0, 0, 0, 0, 0, 28, 15
128.0, 9595, 0, 9595, 0, 0, 0, 43, 0, 0, 0, 0, 0, 0, 28, 15
129.0, 9595, 0, 9595, 0, 0, 0, 43, 0, 0, 0, 0, 0, 0, 28, 15
130.0, 9595, 0, 9595, 0, 0, 0, 43, 0, 0, 0, 0, 0, 0, 28, 15
131.0, 9595, 0, 9595, 0, 0, 0, 43, 0, 0, 0, 0, 0, 0, 28, 15
132.0, 9595, 0, 9595, 0, 0, 0, 43, 0, 0, 0, 0, 0, 0, 28, 15
133.0, 9595, 0, 9595, 0, 0, 0, 43, 0, 0, 0, 0, 0, 0, 28, 15
134.0, 9595, 0, 9595, 0, 0, 0, 43, 0, 0, 0, 0, 0, 0, 28, 15
135.0, 9595, 0, 9595, 0, 0, 0, 43, 0, 0, 0, 0, 0, 0, 28, 15
136.0, 9595, 0, 9595, 0, 0, 0, 43, 0, 0, 0, 0, 0, 0, 28, 15
137.0, 9595, 0, 9595, 0, 0, 0, 43, 0, 0, 0, 0, 0, 0, 28, 15
138.0, 9595, 0, 9595, 0, 0, 0, 43, 0, 0, 0, 0, 0, 0, 28, 15
139.0, 9595, 0, 9595, 0, 0, 0, 43, 0, 0, 0, 0, 0, 0, 28, 15
140.0, 9595, 0, 9595, 0, 0, 0, 43, 0, 0, 0, 0, 0, 0, 28, 15
141.0, 9595, 0, 9595, 0, 0, 0, 43, 0, 0, 0, 0, 0, 0, 28, 15
142.0, 9595, 0, 9595, 0, 0, 0, 43, 0, 0, 0, 0, 0, 0, 28, 15
143.0, 9595, 0, 9595, 0, 0, 0, 43, 0, 0, 0, 0, 0, 0, 28, 15
144.0, 9595, 0, 9595, 0, 0, 0, 43, 0, 0, 0, 0, 0, 0, 28, 15
145.0, 9595, 0, 9595, 0, 0, 0, 43, 0, 0, 0, 0, 0, 0, 28, 15
146.0, 9595, 0, 9595, 0, 0, 0, 43, 0, 0, 0, 0, 0, 0, 28, 15
147.0, 9595, 0, 9595, 0, 0, 0, 43, 0, 0, 0, 0, 0, 0, 28, 15
148.0, 9595, 0, 9595, 0, 0, 0, 43, 0, 0, 0, 0, 0, 0, 28, 15
149.0, 9595, 0, 9595, 0, 0, 0, 43, 0, 0, 0, 0, 0, 0, 28, 15
150.0, 9595, 0, 9595, 0, 0, 0, 43, 0, 0, 0, 0, 0, 0, 28, 15
151.0, 9595, 0, 9595, 0, 0, 0, 43, 0, 0, 0, 0, 0, 0, 28, 15
152.0, 9595, 0, 9595, 0, 0, 0, 43, 0, 0, 0, 0, 0, 0, 28, 15
153.0, 9595, 0, 9595, 0, 0, 0, 43, 0, 0, 0, 0, 0, 0, 28, 15
154.0, 9595, 0, 9595, 0, 0, 0, 43, 0, 0, 0, 0, 0, 0, 28, 15
155.0, 9595, 0, 9595, 0, 0, 0, 43, 0, 0, 0, 0, 0, 0, 28, 15
156.0, 9595, 0, 9595, 0, 0, 0, 43, 0, 0, 0, 0, 0, 0, 28, 15
157.0, 9595, 0, 9595, 0, 0, 0, 43, 0, 0, 0, 0, 0, 0, 28, 15
158.0, 9595, 0, 9595, 0, 0, 0, 43, 0, 0, 0, 0, 0, 0, 28, 15
159.0, 9595, 0, 9595, 0, 0, 0, 43, 0, 0, 0, 0, 0, 0, 28, 15
160.0, 9595, 0, 9595, 0, 0, 0, 43, 0, 0, 0, 0, 0, 0, 28, 15
161.0, 9595, 0, 9595, 0, 0, 0, 43, 0, 0, 0, 0, 0, 0, 28, 15
162.0, 9595, 0, 9595, 0, 0, 0, 43, 0, 0, 0, 0, 0, 0, 28, 15
163.0, 9595, 0, 9595, 0, 0, 0, 43, 0, 0, 0, 0, 0, 0, 28, 15
164.0, 9595, 0, 9595, 0, 0, 0, 43, 0, 0, 0, 0, 0, 0, 28, 15
165.0, 9595, 0, 9595, 0, 0, 0, 43, 0, 0, 0, 0, 0, 0, 28, 15
166.0, 9595, 0, 9595, 0, 0, 0, 43, 0, 0, 0, 0, 0, 0, 28, 15
167.0, 9595, 0, 9595, 0, 0, 0, 43, 0, 0, 0, 0, 0, 0, 28, 15
168.0, 9595, 0, 9595, 0, 0, 0, 43, 0, 0, 0, 0, 0, 0, 28, 15
169.0, 9595, 0, 9595, 0, 0, 0, 43, 0, 0, 0, 0, 0, 0, 28, 15
170.0, 9595, 0, 9595, 0, 0, 0, 43, 0, 0, 0, 0, 0, 0, 28, 15
171.0, 9595, 0, 9595, 0, 0, 0, 43, 0, 0, 0, 0, 0, 0, 28, 15
172.0, 9595, 0, 9595, 0, 0, 0, 43, 0, 0, 0, 0, 0, 0, 28, 15
173.0, 9595, 0, 9595, 0, 0, 0, 43, 0, 0, 0, 0, 0, 0, 28, 15
174.0, 9595, 0, 9595, 0, 0, 0, 43, 0, 0, 0, 0, 0, 0, 28, 15
175.0, 9595, 0, 9595, 0, 0, 0, 43, 0, 0, 0, 0, 0, 0, 28, 15
176.0, 9595, 0, 9595, 0, 0, 0, 43, 0, 0, 0, 0, 0, 0, 28, 15
177.0, 9595, 0, 9595, 0, 0, 0, 43, 0, 0, 0, 0, 0, 0, 28, 15
178.0, 9595, 0, 9595, 0, 0, 0, 43, 0, 0, 0, 0, 0, 0, 28, 15
179.0, 9595, 0, 9595, 0, 0, 0, 43, 0, 0, 0, 0, 0, 0, 28, 15
180.0, 9595, 0, 9595, 0, 0, 0, 43, 0, 0, 0, 0, 0, 0, 28, 15
181.0, 9595, 0, 9595, 0, 0, 0, 43, 0, 0, 0, 0, 0, 0, 28, 15
182.0, 9595, 0, 9595, 0, 0, 0, 43, 0, 0, 0, 0, 0, 0, 28, 15
183.0, 9595, 0, 9595, 0, 0, 0, 43, 0, 0, 0, 0, 0, 0, 28, 15
184.0, 9595, 0, 9595, 0, 0, 0, 43, 0, 0, 0, 0, 0, 0, 28, 15
185.0, 9595, 0, 9595, 0, 0, 0, 43, 0, 0, 0, 0, 0, 0, 28, 15
186.0, 9595, 0, 9595, 0, 0, 0, 43, 0, 0, 0, 0, 0, 0, 28, 15
187.0, 9595, 0, 9595, 0, 0, 0, 43, 0, 0, 0, 0, 0, 0, 28, 15
188.0, 9595, 0, 9595, 0, 0, 0, 43, 0, 0, 0, 0, 0, 0, 28, 15
189.0, 9595, 0, 9595, 0, 0, 0, 43, 0, 0, 0, 0, 0, 0, 28, 15
190.0, 9595, 0, 9595, 0, 0, 0, 43, 0, 0, 0, 0, 0, 0, 28, 15
191.0, 9595, 0, 9595, 0, 0, 0, 43, 0, 0, 0, 0, 0, 0, 28, 15
192.0, 9595, 0, 9595, 0, 0, 0, 43, 0, 0, 0, 0, 0, 0, 28, 15
193.0, 9595, 0, 9595, 0, 0, 0, 43, 0, 0, 0, 0, 0, 0, 28, 15
194.0, 9595, 0, 9595, 0, 0, 0, 43, 0, 0, 0, 0, 0, 0, 28, 15
195.0, 9595, 0, 9595, 0, 0, 0, 43, 0, 0, 0, 0, 0, 0, 28, 15
196.0, 9595, 0, 9595, 0, 0, 0, 43, 0, 0, 0, 0, 0, 0, 28, 15
197.0, 9595, 0, 9595, 0, 0, 0, 43, 0, 0, 0, 0, 0, 0, 28, 15
198.0, 9595, 0, 9595, 0, 0, 0, 43, 0, 0, 0, 0, 0, 0, 28, 15
199.0, 9595, 0, 9595, 0, 0, 0, 43, 0, 0, 0, 0, 0, 0, 28, 15
200.0, 9595, 0, 9595, 0, 0, 0, 43, 0, 0, 0, 0, 0, 0, 28, 15
201.0, 9595, 0, 9595, 0, 0, 0, 43, 0, 0, 0, 0, 0, 0, 28, 15
202.0, 9595, 0, 9595, 0, 0, 0, 43, 0, 0, 0, 0, 0, 0, 28, 15
203.0, 9595, 0, 9595, 0, 0, 0, 43, 0, 0, 0, 0, 0, 0, 28, 15
204.0, 9595, 0, 9595, 0, 0, 0, 43, 0, 0, 0, 0, 0, 0, 28, 15
205.0, 9595, 0, 9595, 0, 0, 0, 43, 0, 0, 0, 0, 0, 0, 28, 15
206.0, 9595, 0, 9595, 0, 0, 0, 43, 0, 0, 0, 0, 0, 0, 28, 15
207.0, 9595, 0, 9595, 0, 0, 0, 43, 0, 0, 0, 0, 0, 0, 28, 15
208.0, 9595, 0, 9595, 0, 0, 0, 43, 0, 0, 0, 0, 0, 0, 28, 15
209.0, 9595, 0, 9595, 0, 0, 0, 43, 0, 0, 0, 0, 0, 0, 28, 15
210.0, 9595, 0, 9595, 0, 0, 0, 43, 0, 0, 0, 0, 0, 0, 28, 15
211.0, 9595, 0, 9595, 0, 0, 0, 43, 0, 0, 0, 0, 0, 0, 28, 15
212.0, 9595, 0, 9595, 0, 0, 0, 43, 0, 0, 0, 0, 0, 0, 28, 15
213.0, 9595, 0, 9595, 0, 0, 0, 43, 0, 0, 0, 0, 0, 0, 28, 15
214.0, 9595, 0, 9595, 0, 0, 0, 43, 0, 0, 0, 0, 0, 0, 28, 15
215.0, 9595, 0, 9595, 0, 0, 0, 43, 0, 0, 0, 0, 0, 0, 28, 15
216.0, 9595, 0, 9595, 0, 0, 0, 43, 0, 0, 0, 0, 0, 0, 28, 15
217.0, 9595, 0, 9595, 0, 0, 0, 43, 0, 0, 0, 0, 0, 0, 28, 15
218.0, 9595, 0, 9595, 0, 0, 0, 43, 0, 0, 0, 0, 0, 0, 28, 15
219.0, 9595, 0, 9595, 0, 0, 0, 43, 0, 0, 0, 0, 0, 0, 28, 15
220.0, 9595, 0, 9595, 0, 0, 0, 43, 0, 0, 0, 0, 0, 0, 28, 15
221.0, 9595, 0, 9595, 0, 0, 0, 43, 0, 0, 0, 0, 0, 0, 28, 15
222.0, 9595, 0, 9595, 0, 0, 0, 43, 0, 0, 0, 0, 0, 0, 28, 15
223.0, 9595, 0, 9595, 0, 0, 0, 43, 0, 0, 0, 0, 0, 0, 28, 15
224.0, 9595, 0, 9595, 0, 0, 0, 43, 0, 0, 0, 0, 0, 0, 28, 15
225.0, 9595, 0, 9595, 0, 0, 0, 43, 0, 0, 0, 0, 0, 0, 28, 15
226.0, 9595, 0, 9595, 0, 0, 0, 42, 0, 0, 0, 0, 0, 0, 27, 15
227.0, 9595, 0, 9595, 0, 0, 0, 39, 0, 0, 0, 0, 0, 0, 24, 15
228.0, 9595, 0, 9595, 0, 0, 0, 39, 0, 0, 0, 0, 0, 0, 24, 15
229.0, 9595, 0, 9595, 0, 0, 0, 39, 0, 0, 0, 0, 0, 0, 24, 15
230.0, 9595, 0, 9595, 0, 0, 0, 39, 0, 0, 0, 0, 0, 0, 24, 15
231.0, 9535, 0, 9535, 0, 0, 0, 39, 0, 0, 0, 0, 0, 0, 24, 15
232.0, 9356, 0, 9356, 0, 0, 0, 39, 0, 0, 0, 0, 0, 0, 24, 15
233.0, 9356, 0, 9356, 0, 0, 0, 39, 0, 0, 0, 0, 0, 0, 24, 15
234.0, 9356, 0, 9356, 0, 0, 0, 39, 0, 0, 0, 0, 0, 0, 24, 15
235.0, 9356, 0, 9356, 0, 0, 0, 37, 0, 0, 0, 0, 0, 0, 22, 15
236.0, 9356, 0, 9356, 0, 0, 0, 37, 0, 0, 0, 0, 0, 0, 22, 15
237.0, 9356, 0, 9356, 0, 0, 0, 37, 0, 0, 0, 0, 0, 0, 22, 15
238.0, 9356, 0, 9356, 0, 0, 0, 34, 0, 0, 0, 0, 0, 0, 19, 15
239.0, 9356, 0, 9356, 0, 0, 0, 34, 0, 0, 0, 0, 0, 0, 19, 15
240.0, 9239, 0, 9239, 0, 0, 0, 33, 0, 0, 0, 0, 0, 0, 18, 15
241.0, 9239, 0, 9239, 0, 0, 0, 31, 0, 0, 0, 0, 0, 0, 16, 15
242.0, 9239, 0, 9239, 0, 0, 0, 30, 0, 0, 0, 0, 0, 0, 15, 15
243.0, 9061, 0, 9061, 0, 0, 0, 30, 0, 0, 0, 0, 0, 0, 15, 15
244.0, 9061, 0, 9061, 0, 0, 0, 30, 0, 0, 0, 0, 0, 0, 15, 15
245.0, 9004, 0, 9004, 0, 0, 0, 30, 0, 0, 0, 0, 0, 0, 15, 15
246.0, 8882, 0, 8882, 0, 0, 0, 29, 0, 0, 0, 0, 0, 0, 14, 15
247.0, 8824, 0, 8824, 0, 0, 0, 29, 0, 0, 0, 0, 0, 0, 14, 15
248.0, 8824, 0, 8824, 0, 0, 0, 29, 0, 0, 0, 0, 0, 0, 14, 15
249.0, 8824, 0, 8824, 0, 0, 0, 28, 0, 0, 0, 0, 0, 0, 13, 15
250.0, 8824, 0, 8824, 0, 0, 0, 28, 0, 0, 0, 0, 0, 0, 13, 15
251.0, 8762, 0, 8762, 0, 0, 0, 26, 0, 0, 0, 0, 0, 0, 11, 15
252.0, 8762, 0, 8762, 0, 0, 0, 26, 0, 0, 0, 0, 0, 0, 11, 15
253.0, 8762, 0, 8762, 0, 0, 0, 26, 0, 0, 0, 0, 0, 0, 11, 15
254.0, 8700, 0, 8700, 0, 0, 0, 26, 0, 0, 0, 0, 0, 0, 11, 15
255.0, 8700, 0, 8700, 0, 0, 0, 26, 0, 0, 0, 0, 0, 0, 11, 15
256.0, 8581, 0, 8581, 0, 0, 0, 26, 0, 0, 0, 0, 0, 0, 11, 15
257.0, 8581, 0, 8581, 0, 0, 0, 25, 0, 0, 0, 0, 0, 0, 10, 15
258.1, 8581, 0, 8581, 0, 0, 0, 25, 0, 0, 0, 0, 0, 0, 10, 15
259.0, 8581, 0, 8581, 0, 0, 0, 25, 0, 0, 0, 0, 0, 0, 10, 15
260.0, 8581, 0, 8581, 0, 0, 0, 24, 0, 0, 0, 0, 0, 0, 9, 15
261.0, 8581, 0, 8581, 0, 0, 0, 23, 0, 0, 0, 0, 0, 0, 8, 15
262.0, 8522, 0, 8522, 0, 0, 0, 23, 0, 0, 0, 0, 0, 0, 8, 15
263.0, 8522, 0, 8522, 0, 0, 0, 23, 0, 0, 0, 0, 0, 0, 8, 15
264.0, 8522, 0, 8522, 0, 0, 0, 22, 0, 0, 0, 0, 0, 0, 7, 15
265.0, 8460, 0, 8460, 0, 0, 0, 22, 0, 0, 0, 0, 0, 0, 7, 15
266.0, 8400, 0, 8400, 0, 0, 0, 22, 0, 0, 0, 0, 0, 0, 7, 15
267.0, 8400, 0, 8400, 0, 0, 0, 22, 0, 0, 0, 0, 0, 0, 7, 15
268.0, 8400, 0, 8400, 0, 0, 0, 21, 0, 0, 0, 0, 0, 0, 6, 15
269.0, 8337, 0, 8337, 0, 0, 0, 21, 0, 0, 0, 0, 0, 0, 6, 15
270.0, 8337, 0, 8337, 0, 0, 0, 21, 0, 0, 0, 0, 0, 0, 6, 15
271.0, 8337, 0, 8337, 0, 0, 0, 19, 0, 0, 0, 0, 0, 0, 4, 15
272.0, 8337, 0, 8337, 0, 0, 0, 18, 0, 0, 0, 0, 0, 0, 3, 15
273.0, 8280, 0, 8280, 0, 0, 0, 16, 0, 0, 0, 0, 0, 0, 2, 14
274.0, 8280, 0, 8280, 0, 0, 0, 16, 0, 0, 0, 0, 0, 0, 2, 14
275.0, 8280, 0, 8280, 0, 0, 0, 14, 0, 0, 0, 0, 0, 0, 0, 14
276.0, 8160, 0, 8160, 0, 0, 0, 14, 0, 0, 0, 0, 0, 0, 0, 14
277.0, 8100, 0, 8100, 0, 0, 0, 14, 0, 0, 0, 0, 0, 0, 0, 14
278.0, 7486, 0, 7486, 0, 0, 0, 14, 0, 0, 0, 0, 0, 0, 0, 14
279.0, 7486, 0, 7486, 0, 0, 0, 14, 0, 0, 0, 0, 0, 0, 0, 14
280.0, 7361, 0, 7361, 0, 0, 0, 14, 0, 0, 0, 0, 0, 0, 0, 14
281.0, 7361, 0, 7361, 0, 0, 0, 14, 0, 0, 0, 0, 0, 0, 0, 14
282.0, 7361, 0, 7361, 0, 0, 0, 14, 0, 0, 0, 0, 0, 0, 0, 14
283.0, 7361, 0, 7361, 0, 0, 0, 14, 0, 0, 0, 0, 0, 0, 0, 14
284.0, 7361, 0, 7361, 0, 0, 0, 13, 0, 0, 0, 0, 0, 0, 0, 13
285.0, 7361, 0, 7361, 0, 0, 0, 13, 0, 0, 0, 0, 0, 0, 0, 13
286.0, 7361, 0, 7361, 0, 0, 0, 13, 0, 0, 0, 0, 0, 0, 0, 13
287.0, 7361, 0, 7361, 0, 0, 0, 12, 0, 0, 0, 0, 0, 0, 0, 12
288.0, 7361, 0, 7361, 0, 0, 0, 12, 0, 0, 0, 0, 0, 0, 0, 12
289.0, 6854, 0, 6854, 0, 0, 0, 12, 0, 0, 0, 0, 0, 0, 0, 12
290.0, 6854, 0, 6854, 0, 0, 0, 12, 0, 0, 0, 0, 0, 0, 0, 12
291.0, 6854, 0, 6854, 0, 0, 0, 12, 0, 0, 0, 0, 0, 0, 0, 12
292.0, 6319, 0, 6319, 0, 0, 0, 12, 0, 0, 0, 0, 0, 0, 0, 12
293.0, 6319, 0, 6319, 0, 0, 0, 11, 0, 0, 0, 0, 0, 0, 0, 11
294.0, 6319, 0, 6319, 0, 0, 0, 11, 0, 0, 0, 0, 0, 0, 0, 11
295.0, 6319, 0, 6319, 0, 0, 0, 10, 0, 0, 0, 0, 0, 0, 0, 10
296.0, 6319, 0, 6319, 0, 0, 0, 9, 0, 0, 0, 0, 0, 0, 0, 9
297.0, 6319, 0, 6319, 0, 0, 0, 9, 0, 0, 0, 0, 0, 0, 0, 9
298.0, 5774, 0, 5774, 0, 0, 0, 9, 0, 0, 0, 0, 0, 0, 0, 9
299.0, 5774, 0, 5774, 0, 0, 0, 9, 0, 0, 0, 0, 0, 0, 0, 9
300.0, 5248, 0, 5248, 0, 0, 0, 9, 0, 0, 0, 0, 0, 0, 0, 9
301.0, 4721, 0, 4721, 0, 0, 0, 9, 0, 0, 0, 0, 0, 0, 0, 9
302.0, 4721, 0, 4721, 0, 0, 0, 8, 0, 0, 0, 0, 0, 0, 0, 8
303.0, 4721, 0, 4721, 0, 0, 0, 8, 0, 0, 0, 0, 0, 0, 0, 8
304.0, 4721, 0, 4721, 0, 0, 0, 8, 0, 0, 0, 0, 0, 0, 0, 8
305.0, 4721, 0, 4721, 0, 0, 0, 8, 0, 0, 0, 0, 0, 0, 0, 8
306.0, 4721, 0, 4721, 0, 0, 0, 8, 0, 0, 0, 0, 0, 0, 0, 8
307.0, 4177, 0, 4177, 0, 0, 0, 7, 0, 0, 0, 0, 0, 0, 0, 7
308.0, 4177, 0, 4177, 0, 0, 0, 7, 0, 0, 0, 0, 0, 0, 0, 7
309.0, 4177, 0, 4177, 0, 0, 0, 7, 0, 0, 0, 0, 0, 0, 0, 7
310.0, 4177, 0, 4177, 0, 0, 0, 7, 0, 0, 0, 0, 0, 0, 0, 7
311.0, 4177, 0, 4177, 0, 0, 0, 7, 0, 0, 0, 0, 0, 0, 0, 7
312.0, 3659, 0, 3659, 0, 0, 0, 7, 0, 0, 0, 0, 0, 0, 0, 7
313.0, 3659, 0, 3659, 0, 0, 0, 6, 0, 0, 0, 0, 0, 0, 0, 6
314.0, 3659, 0, 3659, 0, 0, 0, 6, 0, 0, 0, 0, 0, 0, 0, 6
315.0, 3659, 0, 3659, 0, 0, 0, 6, 0, 0, 0, 0, 0, 0, 0, 6
316.0, 3659, 0, 3659, 0, 0, 0, 6, 0, 0, 0, 0, 0, 0, 0, 6
317.0, 3659, 0, 3659, 0, 0, 0, 6, 0, 0, 0, 0, 0, 0, 0, 6
318.0, 3159, 0, 3159, 0, 0, 0, 5, 0, 0, 0, 0, 0, 0, 0, 5
319.0, 3159, 0, 3159, 0, 0, 0, 5, 0, 0, 0, 0, 0, 0, 0, 5
320.0, 3159, 0, 3159, 0, 0, 0, 5, 0, 0, 0, 0, 0, 0, 0, 5
321.0, 3159, 0, 3159, 0, 0, 0, 4, 0, 0, 0, 0, 0, 0, 0, 4
322.0, 3159, 0, 3159, 0, 0, 0, 4, 0, 0, 0, 0, 0, 0, 0, 4
323.0, 2650, 0, 2650, 0, 0, 0, 2, 0, 0, 0, 0, 0, 0, 0, 2
324.0, 2650, 0, 2650, 0, 0, 0, 1, 0, 0, 0, 0, 0, 0, 0, 1
325.0, 2650, 0, 2650, 0, 0, 0, 1, 0, 0, 0, 0, 0, 0, 0, 1
326.0, 2106, 0, 2106, 0, 0, 0, 1, 0, 0, 0, 0, 0, 0, 0, 1
329.4, 2106, 0, 2106, 0, 0, 0, 0, 0, 0, 0, 0, 0, 0, 0, 0
330.0, 518, 0, 518, 0, 0, 0, 0, 0, 0, 0, 0, 0, 0, 0, 0
331.0, 518, 0, 518, 0, 0, 0, 0, 0, 0, 0, 0, 0, 0, 0, 0
332.0, 0, 0, 0, 0, 0, 0, 0, 0, 0, 0, 0, 0, 0, 0, 0
333.0, 0, 0, 0, 0, 0, 0, 0, 0, 0, 0, 0, 0, 0, 0, 0
334.0, 0, 0, 0, 0, 0, 0, 0, 0, 0, 0, 0, 0, 0, 0, 0
335.1, 0, 0, 0, 0, 0, 0, 0, 0, 0, 0, 0, 0, 0, 0, 0
336.0, 0, 0, 0, 0, 0, 0, 0, 0, 0, 0, 0, 0, 0, 0, 0
337.0, 0, 0, 0, 0, 0, 0, 0, 0, 0, 0, 0, 0, 0, 0, 0
338.0, 0, 0, 0, 0, 0, 0, 0, 0, 0, 0, 0, 0, 0, 0, 0
339.0, 0, 0, 0, 0, 0, 0, 0, 0, 0, 0, 0, 0, 0, 0, 0
340.0, 0, 0, 0, 0, 0, 0, 0, 0, 0, 0, 0, 0, 0, 0, 0
341.0, 0, 0, 0, 0, 0, 0, 0, 0, 0, 0, 0, 0, 0, 0, 0
342.0, 0, 0, 0, 0, 0, 0, 0, 0, 0, 0, 0, 0, 0, 0, 0
343.0, 0, 0, 0, 0, 0, 0, 0, 0, 0, 0, 0, 0, 0, 0, 0
344.0, 0, 0, 0, 0, 0, 0, 0, 0, 0, 0, 0, 0, 0, 0, 0
345.0, 0, 0, 0, 0, 0, 0, 0, 0, 0, 0, 0, 0, 0, 0, 0
346.0, 0, 0, 0, 0, 0, 0, 0, 0, 0, 0, 0, 0, 0, 0, 0
347.0, 0, 0, 0, 0, 0, 0, 0, 0, 0, 0, 0, 0, 0, 0, 0
348.0, 0, 0, 0, 0, 0, 0, 0, 0, 0, 0, 0, 0, 0, 0, 0
349.0, 0, 0, 0, 0, 0, 0, 0, 0, 0, 0, 0, 0, 0, 0, 0
350.0, 0, 0, 0, 0, 0, 0, 0, 0, 0, 0, 0, 0, 0, 0, 0
351.0, 0, 0, 0, 0, 0, 0, 0, 0, 0, 0, 0, 0, 0, 0, 0
352.0, 0, 0, 0, 0, 0, 0, 0, 0, 0, 0, 0, 0, 0, 0, 0
353.0, 0, 0, 0, 0, 0, 0, 0, 0, 0, 0, 0, 0, 0, 0, 0
354.0, 0, 0, 0, 0, 0, 0, 0, 0, 0, 0, 0, 0, 0, 0, 0
355.0, 0, 0, 0, 0, 0, 0, 0, 0, 0, 0, 0, 0, 0, 0, 0
356.0, 0, 0, 0, 0, 0, 0, 0, 0, 0, 0, 0, 0, 0, 0, 0
357.0, 0, 0, 0, 0, 0, 0, 0, 0, 0, 0, 0, 0, 0, 0, 0
358.0, 0, 0, 0, 0, 0, 0, 0, 0, 0, 0, 0, 0, 0, 0, 0
359.0, 0, 0, 0, 0, 0, 0, 0, 0, 0, 0, 0, 0, 0, 0, 0
360.0, 0, 0, 0, 0, 0, 0, 0, 0, 0, 0, 0, 0, 0, 0, 0
361.0, 0, 0, 0, 0, 0, 0, 0, 0, 0, 0, 0, 0, 0, 0, 0
362.0, 0, 0, 0, 0, 0, 0, 0, 0, 0, 0, 0, 0, 0, 0, 0
363.1, 0, 0, 0, 0, 0, 0, 0, 0, 0, 0, 0, 0, 0, 0, 0
364.0, 0, 0, 0, 0, 0, 0, 0, 0, 0, 0, 0, 0, 0, 0, 0
365.0, 0, 0, 0, 0, 0, 0, 0, 0, 0, 0, 0, 0, 0, 0, 0
366.0, 0, 0, 0, 0, 0, 0, 0, 0, 0, 0, 0, 0, 0, 0, 0
